Compound_Identifier,SMILES_x,MolWt,LogP,HDonors,HAcceptors,TPSA,RotatableBonds,RingCount,HeavyAtomCount,Lipinski,SMILES_y,GI absorption,BBB permeant,Predicted_Activity,SVC_Score
RGCHKQTZZQOAEF-UHFFFAOYSA-N,Nc1ncnc2c1c(-c1ccc(Oc3cccc(OCc4cncs4)c3)cc1)nn2C1CCNCC1,499.60000000000025,4.827800000000003,2,9,113.0,7,6,36,True,Nc1ncnc2c1c(-c1ccc(Oc3cccc(OCc4cncs4)c3)cc1)nn2C1CCNCC1,0,0,1,1.582336027032981
KHHNCAYZQUVACC-UHFFFAOYSA-N,Nc1ncnc2c1c(-c1ccc(Oc3cccc(OCc4cncs4)c3)cc1)nn2C1CCCNC1,499.60000000000025,4.827800000000003,2,9,113.0,7,6,36,True,Nc1ncnc2c1c(-c1ccc(Oc3cccc(OCc4cncs4)c3)cc1)nn2C1CCCNC1,0,0,1,1.582336027032981
KVDJRBWGLCEUND-UHFFFAOYSA-N,Cc1ncc(COc2cc(F)cc(Oc3ccc(-c4nn(CCO)c5ncnc(N)c45)cc3)c2)s1,492.5360000000002,4.3431200000000025,2,9,121.2,8,5,35,True,Cc1ncc(COc2cc(F)cc(Oc3ccc(-c4nn(CCO)c5ncnc(N)c45)cc3)c2)s1,0,0,1,1.5636483155373524
VLYKWSMXOXFMGN-UHFFFAOYSA-N,C=CC(=O)Nc1cccc(-n2c(=O)c(C3CC3)nc3cnc(Nc4ccc(OCCOC)cc4)nc32)c1,498.54300000000023,3.9464000000000024,2,8,120.26,10,5,37,True,C=CC(=O)Nc1cccc(-n2c(=O)c(C3CC3)nc3cnc(Nc4ccc(OCCOC)cc4)nc32)c1,1,0,1,1.5106090196988697
FOHHRBHCQFVGNE-UHFFFAOYSA-N,CN(C)CC=CC(=O)N(C)CCn1nc(-c2ccc(Oc3ccccc3)cc2)c(C(N)=O)c1N,462.5540000000002,2.5997,2,6,119.71,10,3,34,True,CN(C)CC=CC(=O)N(C)CCn1nc(-c2ccc(Oc3ccccc3)cc2)c(C(N)=O)c1N,1,0,1,1.5050877541779202
MCAASVHSHOYFNM-UHFFFAOYSA-N,C=CC(=O)N1CCC(Nc2nccc(Nc3nc4ccc(Oc5ccccc5)nc4s3)n2)C1,459.5350000000002,4.216000000000002,2,9,105.16000000000001,7,5,33,True,C=CC(=O)N1CCC(Nc2nccc(Nc3nc4ccc(Oc5ccccc5)nc4s3)n2)C1,0,0,1,1.5036782005774856
QEIQAACMXGKWSZ-UHFFFAOYSA-N,C=CC(=O)Nc1cccc(Oc2nc(Nc3ccc(OC)nc3)ncc2C(=O)NC2CC2)c1,446.4670000000002,3.432800000000001,3,8,127.36000000000001,9,4,33,True,C=CC(=O)Nc1cccc(Oc2nc(Nc3ccc(OC)nc3)ncc2C(=O)NC2CC2)c1,1,0,1,1.500942438307624
OZGYJYPOMUDFCI-UHFFFAOYSA-N,C=CC(=O)Nc1cccc(Nc2nc3c(c(Oc4ccc(OCCOC)cc4)n2)C(=O)NC3)c1,461.47800000000024,3.4056000000000006,3,8,123.70000000000002,10,4,34,True,C=CC(=O)Nc1cccc(Nc2nc3c(c(Oc4ccc(OCCOC)cc4)n2)C(=O)NC3)c1,1,0,1,1.4958584259285956
FEVGMISPGOZBKQ-UHFFFAOYSA-N,Cc1ccc(COc2cc(F)cc(Oc3ccc(-c4nn(CCO)c5ncnc(N)c45)cc3)c2)cn1,486.50700000000023,4.281620000000003,2,8,121.2,8,5,36,True,Cc1ccc(COc2cc(F)cc(Oc3ccc(-c4nn(CCO)c5ncnc(N)c45)cc3)c2)cn1,0,0,1,1.491933911176143
CJZJJZZZAOTWKI-UHFFFAOYSA-N,C=CC(=O)Nc1cccc(Oc2nc(Nc3cccc(OC)c3)ncc2C(=O)NC2CC2)c1,445.4790000000002,4.037800000000002,3,7,114.47,9,4,33,True,C=CC(=O)Nc1cccc(Oc2nc(Nc3cccc(OC)c3)ncc2C(=O)NC2CC2)c1,1,0,1,1.473983888138111
UNOXMAZMLDKOBL-INIZCTEOSA-N,C=CC(=O)N1CCCC(Nc2nccc(Nc3nc4ccc(Oc5ccccc5)nc4s3)n2)C1,473.56200000000024,4.606100000000002,2,9,105.16000000000001,7,5,34,True,C=CC(=O)N1CCCC(Nc2nccc(Nc3nc4ccc(Oc5ccccc5)nc4s3)n2)C1,0,0,1,1.4728431514413827
WZDLCZLNEODAPO-UHFFFAOYSA-N,C=CC(=O)Nc1cccc(Nc2nc(Nc3ccc4[nH]ncc4c3)ncc2F)c1,389.39400000000006,4.103700000000001,4,6,107.62,6,4,29,True,C=CC(=O)Nc1cccc(Nc2nc(Nc3ccc4[nH]ncc4c3)ncc2F)c1,1,0,1,1.4503989749880033
XWJGLCNDANLCCB-UHFFFAOYSA-N,COCCOc1ccc(Nc2ncc(F)c(Nc3cccc(NC(=O)C4CO4)c3)n2)cc1,439.4470000000001,3.4654000000000016,3,8,109.92999999999999,10,4,32,True,COCCOc1ccc(Nc2ncc(F)c(Nc3cccc(NC(=O)C4CO4)c3)n2)cc1,1,0,1,1.4481900306311855
ZNCXVRFUZGRUKC-UHFFFAOYSA-N,COCCOc1ccc(Cl)c(C(=O)c2c[nH]c3ncnc(NC4CCC(CO)OC4)c23)c1,460.91800000000023,2.819300000000001,3,8,118.59000000000002,9,4,32,True,COCCOc1ccc(Cl)c(C(=O)c2c[nH]c3ncnc(NC4CCC(CO)OC4)c23)c1,1,0,1,1.44128295012372
LOXZOCFVIDCAQL-HIFRSBDPSA-N,COCCOc1ccc(C(=O)c2c[nH]c3ncnc(NC4CCC(CO)OC4)c23)c(Cl)c1,460.91800000000023,2.819300000000001,3,8,118.59000000000002,9,4,32,True,COCCOc1ccc(C(=O)c2c[nH]c3ncnc(NC4CCC(CO)OC4)c23)c(Cl)c1,1,0,1,1.44128295012372
QJORGGWPAWDNRO-UHFFFAOYSA-N,C=CC(=O)N1CCCC(Nc2nc(Nc3cnn(CCN(CC)CC)c3)nc3n[nH]c(Cl)c23)C1,487.01200000000034,2.8770999999999995,3,8,119.89000000000001,10,4,34,True,C=CC(=O)N1CCCC(Nc2nc(Nc3cnn(CCN(CC)CC)c3)nc3n[nH]c(Cl)c23)C1,1,0,1,1.4403807825054955
QJORGGWPAWDNRO-OAHLLOKOSA-N,C=CC(=O)N1CCCC(Nc2nc(Nc3cnn(CCN(CC)CC)c3)nc3[nH]nc(Cl)c23)C1,487.01200000000034,2.8770999999999995,3,8,119.89,10,4,34,True,C=CC(=O)N1CCCC(Nc2nc(Nc3cnn(CCN(CC)CC)c3)nc3[nH]nc(Cl)c23)C1,1,0,1,1.4403807825054828
GRFLNJQUUYUWKX-UHFFFAOYSA-N,C=CC(=O)Nc1cccc(-n2cnc3cnc(Nc4ccc(OCCCN5CCOCC5)cc4)nc32)c1,499.57500000000044,3.7847000000000026,2,8,106.43,10,5,37,True,C=CC(=O)Nc1cccc(-n2cnc3cnc(Nc4ccc(OCCCN5CCOCC5)cc4)nc32)c1,1,0,1,1.4388460537886771
PTUBVGVSLKBGFB-UHFFFAOYSA-N,C=CC(=O)Nc1cccc(-n2c(=O)c(CC)nc3cnc(Nc4ccc(OCCOC)cc4)nc32)c1,486.5320000000002,3.631400000000002,2,8,120.26,10,4,36,True,C=CC(=O)Nc1cccc(-n2c(=O)c(CC)nc3cnc(Nc4ccc(OCCOC)cc4)nc32)c1,1,0,1,1.4372011512438647
NJEDGYHSYHYSAM-UHFFFAOYSA-N,O=C(Nc1ccccc1)Nc1cccc(CCNc2ncnc3[nH]ccc23)c1,372.432,4.256500000000002,4,4,94.73000000000002,6,4,28,True,O=C(Nc1ccccc1)Nc1cccc(CCNc2ncnc3[nH]ccc23)c1,1,0,1,1.4282182338424556
IDCFUFHDGGYXQN-UHFFFAOYSA-N,Cc1c(N)cccc1-c1ccc(C(N)=O)c2[nH]c3cc(C(C)(C)O)ccc3c12,373.45600000000013,4.205020000000002,4,3,105.13000000000001,3,4,28,True,Cc1c(N)cccc1-c1ccc(C(N)=O)c2[nH]c3cc(C(C)(C)O)ccc3c12,1,0,1,1.4241653042697302
MHMBPCLQHLYVFI-MRXNPFEDSA-N,C=CC(=O)N1CCCC(Nc2nc(Nc3cnn(CCN(CC)CC)c3)nc3[nH]ncc23)C1,452.56700000000035,2.223699999999999,3,8,119.89,10,4,33,True,C=CC(=O)N1CCCC(Nc2nc(Nc3cnn(CCN(CC)CC)c3)nc3[nH]ncc23)C1,1,0,1,1.422531924184003
GGEZBZCPADOAPX-UHFFFAOYSA-N,O=C(NCCc1cccc(Nc2ncnc3[nH]ccc23)c1)Nc1ccccc1,372.4320000000001,4.065700000000001,4,4,94.72999999999999,6,4,28,True,O=C(NCCc1cccc(Nc2ncnc3[nH]ccc23)c1)Nc1ccccc1,1,0,1,1.4182041715067668
YFGVERKFVKNOIO-UHFFFAOYSA-N,C=CC(=O)Nc1cccc(-n2c(=O)n(CCOC)c3cnc(Nc4ccc(OC)nc4)nc32)c1,461.48200000000014,2.5003,2,8,125.19000000000001,9,4,34,True,C=CC(=O)Nc1cccc(-n2c(=O)n(CCOC)c3cnc(Nc4ccc(OC)nc4)nc32)c1,1,0,1,1.413576858189117
URDLNELEXSAZFO-UHFFFAOYSA-N,Cn1ccc(Nc2ncnc(-c3ccc(CNC(=O)c4noc(C(C)(C)CF)n4)c(C4CC4)c3)n2)n1,491.5310000000003,3.4532000000000025,2,9,136.54000000000002,9,5,36,True,Cn1ccc(Nc2ncnc(-c3ccc(CNC(=O)c4noc(C(C)(C)CF)n4)c(C4CC4)c3)n2)n1,0,0,1,1.4135393961206257
XBKUZAHBOAJCHX-UHFFFAOYSA-N,C=CC(=O)Nc1cccc(Nc2nc(Nc3ccc4c(c3)NCCO4)ncc2F)c1,406.42100000000016,4.031700000000002,4,7,100.2,6,4,30,True,C=CC(=O)Nc1cccc(Nc2nc(Nc3ccc4c(c3)NCCO4)ncc2F)c1,1,0,1,1.411979164558137
XCCATKZDNIWAER-UHFFFAOYSA-N,C=CC(=O)Nc1cccc(Nc2nc(Nc3ccc(OCCN4CCCC4=O)nc3)ncc2F)c1,477.50000000000034,3.6236000000000024,3,8,121.37,10,4,35,True,C=CC(=O)Nc1cccc(Nc2nc(Nc3ccc(OCCN4CCCC4=O)nc3)ncc2F)c1,1,0,1,1.4024352403725895
JLCPUTVJMYTZJI-UHFFFAOYSA-N,CCNC(=O)CNc1ncnc2[nH]cc(C(=O)c3ccc(Oc4ccccc4)cc3Cl)c12,449.8980000000002,4.182600000000002,3,6,108.99999999999999,8,4,32,True,CCNC(=O)CNc1ncnc2[nH]cc(C(=O)c3ccc(Oc4ccccc4)cc3Cl)c12,1,0,1,1.3875952681299029
MPVGZUGXCQEXTM-UHFFFAOYSA-N,Cc1ccc(F)c(NC(=O)Nc2ccc(-c3cccc4[nH]nc(N)c34)cc2)c1,375.40700000000015,4.903620000000003,4,3,95.83,3,4,28,True,Cc1ccc(F)c(NC(=O)Nc2ccc(-c3cccc4[nH]nc(N)c34)cc2)c1,1,0,1,1.3866703645217702
SMDKXWCSKYHOMW-UHFFFAOYSA-N,C=CC(=O)Nc1cccc(Nc2nc3c(c(N(C)c4ccc(OCCOC)cc4)n2)C(=O)NC3)c1,474.52100000000024,3.3812000000000015,3,8,117.71000000000001,10,4,35,True,C=CC(=O)Nc1cccc(Nc2nc3c(c(N(C)c4ccc(OCCOC)cc4)n2)C(=O)NC3)c1,1,0,1,1.384824646273825
VCSQIGBZZYKOJS-UHFFFAOYSA-N,C=CC(=O)Nc1cccc(Oc2nc(Nc3cccc(OC)c3)ncc2C(N)=O)c1,405.41400000000016,3.2445000000000004,3,7,128.46,8,3,30,True,C=CC(=O)Nc1cccc(Oc2nc(Nc3cccc(OC)c3)ncc2C(N)=O)c1,1,0,1,1.382023719573181
ILAGXMMWKPUVGY-UHFFFAOYSA-N,CN(C)CC=CC(=O)N(C)CCn1nc(-c2ccc(Oc3ccccc3)cc2)c2c(N)n[nH]c(=O)c21,487.5640000000002,2.7372999999999994,2,7,122.37,9,4,36,True,CN(C)CC=CC(=O)N(C)CCn1nc(-c2ccc(Oc3ccccc3)cc2)c2c(N)n[nH]c(=O)c21,1,0,1,1.3799604890712958
KUXLXYLKIPPHRZ-UHFFFAOYSA-N,Cn1cncc1COc1cc(F)cc(Oc2ccc(-c3nn(CCO)c4ncnc(N)c34)c(F)c2)c1,493.4740000000003,3.450800000000001,2,8,126.13,8,5,36,True,Cn1cncc1COc1cc(F)cc(Oc2ccc(-c3nn(CCO)c4ncnc(N)c34)c(F)c2)c1,0,0,1,1.371907597022742
NPDZKGGNKBHORD-UHFFFAOYSA-N,C=CC(=O)NCCn1nc(-c2ccc(Oc3ccccc3)cc2)c(C(N)=O)c1N,391.43100000000015,2.3256999999999994,3,5,125.26,8,3,29,True,C=CC(=O)NCCn1nc(-c2ccc(Oc3ccccc3)cc2)c(C(N)=O)c1N,1,0,1,1.3695851237621144
XKDFSKJLUFFEAS-UHFFFAOYSA-N,C=CC(=O)N1CCCCC(Nc2nccc(Nc3nc4ccc(Oc5ccccc5)nc4s3)n2)C1,487.5890000000003,4.9962000000000035,2,9,105.16000000000001,7,5,35,True,C=CC(=O)N1CCCCC(Nc2nccc(Nc3nc4ccc(Oc5ccccc5)nc4s3)n2)C1,0,0,1,1.3655776759958003
JLBXNZWWWRBRTL-UHFFFAOYSA-N,C=CC(=O)Nc1cccc(-n2c(=O)c(C)nc3cnc(Nc4ccc(OCCOC)cc4)nc32)c1,472.5050000000002,3.3774200000000016,2,8,120.26,9,4,35,True,C=CC(=O)Nc1cccc(-n2c(=O)c(C)nc3cnc(Nc4ccc(OCCOC)cc4)nc32)c1,1,0,1,1.364182948029026
LJBNEBVTWOQSHN-UHFFFAOYSA-N,C=CC(=O)N1CCCC(Nc2nc(Nc3cnn(CCN(CC)CC)c3)nc3[nH]ccc23)C1,451.57900000000035,2.8286999999999995,3,7,107.0,10,4,33,True,C=CC(=O)N1CCCC(Nc2nc(Nc3cnn(CCN(CC)CC)c3)nc3[nH]ccc23)C1,1,0,1,1.3634216884927144
MOIWQCXOFGXYFZ-MRXNPFEDSA-N,C=CC(=O)N1CCCC(Nc2nc(Nc3cnn(CCN(CC)CC)c3)nc3[nH]cc(Cl)c23)C1,486.0240000000004,3.482100000000001,3,7,107.0,10,4,34,True,C=CC(=O)N1CCCC(Nc2nc(Nc3cnn(CCN(CC)CC)c3)nc3[nH]cc(Cl)c23)C1,1,0,1,1.3598838681431649
TYNIDZAAYXOOGI-UHFFFAOYSA-N,COCCOc1ccc(Nc2nn(C)c3nc(Nc4ccc5c(c4)CNCC5)ncc23)c(C)c1,459.55400000000026,3.8298200000000024,3,8,98.15,8,5,34,True,COCCOc1ccc(Nc2nn(C)c3nc(Nc4ccc5c(c4)CNCC5)ncc23)c(C)c1,1,0,1,1.3563876732992934
FLDBLUXJLRAJAW-UHFFFAOYSA-N,CN(C)CCn1nc(-c2ccc(Oc3cccc(OCc4cncs4)c3)cc2)c2c(N)ncnc21,487.5890000000002,4.464900000000003,1,9,104.21000000000001,9,5,35,True,CN(C)CCn1nc(-c2ccc(Oc3cccc(OCc4cncs4)c3)cc2)c2c(N)ncnc21,0,0,1,1.3554878136455193
XQRHDEQLYAPLAK-UHFFFAOYSA-N,C=CC(=O)Nc1cccc(Nc2nc(Nc3ccc(OC4CCC4)nc3)ncc2F)c1,420.4480000000002,4.553700000000002,3,7,101.06,8,4,31,True,C=CC(=O)Nc1cccc(Nc2nc(Nc3ccc(OC4CCC4)nc3)ncc2F)c1,1,0,1,1.3477847876030624
HDOYBSYHRJWGJH-UHFFFAOYSA-N,C=CC(=O)Nc1ccccc1C1CCNc2c(C(N)=O)c(-c3ccc(OCCOC)cc3)nn21,461.5220000000002,3.2037000000000013,3,6,120.5,9,4,34,True,C=CC(=O)Nc1ccccc1C1CCNc2c(C(N)=O)c(-c3ccc(OCCOC)cc3)nn21,1,0,1,1.3420361335936803
VMGAPTFREQGMRR-UHFFFAOYSA-N,C=CC(=O)Nc1cccc(Nc2nc(Nc3ccc(OC)nc3)ncc2C2CC2)c1,402.4580000000002,4.369300000000003,3,7,101.06,8,4,30,True,C=CC(=O)Nc1cccc(Nc2nc(Nc3ccc(OC)nc3)ncc2C2CC2)c1,1,0,1,1.340987468378997
FDGQFGYDZLTUBK-UHFFFAOYSA-N,C=CC(=O)N1CCC(Nc2nccc(Nc3ncc(C(=O)Nc4c(C)cccc4Cl)s3)n2)C1,483.9850000000002,4.089620000000002,3,8,112.14,7,4,33,True,C=CC(=O)N1CCC(Nc2nccc(Nc3ncc(C(=O)Nc4c(C)cccc4Cl)s3)n2)C1,0,0,1,1.340733195567586
UTAVFYXDDAVLQN-UHFFFAOYSA-N,C=CC(=O)NC1(CNc2ncnc(N)c2-c2ccc(Oc3ccccc3)cc2)CCCC1,429.5240000000002,4.545000000000003,3,6,102.16,8,4,32,True,C=CC(=O)NC1(CNc2ncnc(N)c2-c2ccc(Oc3ccccc3)cc2)CCCC1,1,0,1,1.337550134514973
OWIUGBRCEVFDKR-UHFFFAOYSA-N,C=CC(=O)Nc1cccc(-n2c(=O)n(C)c3cnc(Nc4ccc(OCCOC)cc4)nc32)c1,460.4940000000002,3.012500000000001,2,7,112.30000000000001,9,4,34,True,C=CC(=O)Nc1cccc(-n2c(=O)n(C)c3cnc(Nc4ccc(OCCOC)cc4)nc32)c1,1,0,1,1.3373189308021045
SGGLIBXDJPGCSI-UHFFFAOYSA-N,Cc1ncc(COc2cc(F)cc(Oc3ccc(-c4nn(CCO)c5ncnc(N)c45)cc3)c2)cn1,487.4950000000002,3.6766200000000016,2,9,134.09,8,5,36,True,Cc1ncc(COc2cc(F)cc(Oc3ccc(-c4nn(CCO)c5ncnc(N)c45)cc3)c2)cn1,0,0,1,1.3361199426868942
GTFCZHOGJFHOEX-UHFFFAOYSA-N,O=C(O)CNc1ncnc2[nH]cc(C(=O)c3ccc(Oc4ccccc4)cc3Cl)c12,422.82800000000015,4.131100000000002,3,6,117.2,7,4,30,True,O=C(O)CNc1ncnc2[nH]cc(C(=O)c3ccc(Oc4ccccc4)cc3Cl)c12,1,0,1,1.3347844745312816
MHUZGHFCECNFOF-UHFFFAOYSA-N,C=CC(=O)Nc1cccc(Oc2ncnc(N)c2-c2cnn(Cc3cccc(C(=O)OC)c3)c2)c1,470.4890000000002,3.674000000000002,2,8,134.24999999999997,8,4,35,True,C=CC(=O)Nc1cccc(Oc2ncnc(N)c2-c2cnn(Cc3cccc(C(=O)OC)c3)c2)c1,0,0,1,1.3342467300887748
SXUKOMGAWRQZQF-UHFFFAOYSA-N,C=CC(=O)N1CCC(CNc2nccc(Nc3ncc(C(=O)Nc4c(C)cccc4C)s3)n2)C1,477.5940000000003,3.9922400000000016,3,8,112.14,8,4,34,True,C=CC(=O)N1CCC(CNc2nccc(Nc3ncc(C(=O)Nc4c(C)cccc4C)s3)n2)C1,0,0,1,1.3307012269599638
